x,xs,xse,y,ys,yse,se
14.32,14.82571378276416,0.5057137827641593,-30.38,-30.982660167833252,0.6026601678332533,0.7867310264445151
10.86,10.396190422210363,0.46380957778963605,-15.59,-15.946181034576215,0.3561810345762151,0.5847941978518455
5.23,5.084840002754192,0.1451599972458082,-1.52,-2.0927032178460805,0.5727032178460805,0.590813338146371
-2.86,-3.230213407561225,0.37021340756122534,10.36,10.454094432135761,0.09409443213576196,0.3819839385328203
