x,xs,xse,y,ys,yse,se
-10.89,-10.24782685026502,0.6421731497349814,-16.04,-16.337757741767717,0.2977577417677182,0.7078460475436436
-22.94,-23.619443141177708,0.6794431411777069,-28.1,-27.19206051604606,0.9079394839539425,1.1340181165290002
-18.68,-18.0622869719267,0.6177130280733003,-47.99,-48.380824788918744,0.39082478891874217,0.7309674416038414
0.15,0.4627802733240356,0.3127802733240356,-57.27,-57.36195082729408,0.09195082729407744,0.326016033379838
