x,xs,xse,y,ys,yse,se
93.58,94.83634150781756,1.2563415078175666,-42.79,-42.91667381198213,0.1266738119821298,1.2627114630458538
63.54,62.69056549041014,0.8494345095898623,-45.59,-45.63949230755128,0.04949230755127587,0.8508751227935389
33.5,33.12043692784449,0.37956307215551277,-48.71,-48.79550826676551,0.08550826676550827,0.38907555748128453
3.5,3.2600797398167947,0.23992026018320534,-51.67,-51.52983469566718,0.14016530433282526,0.2778633545199699
