x,xs,xse,y,ys,yse,se
9.07,8.068024085816566,1.0019759141834346,-24.5,-25.382347716176728,0.8823477161767279,1.335100454964351
18.83,19.8461319897286,1.0161319897286027,-38.11,-37.561411024423386,0.5485889755766138,1.154761483889209
11.23,11.188663915876875,0.041336084123125616,-54.56,-54.50280676991077,0.05719323008923283,0.0705672545779843
